geometry;fid;id;name;inlet_node;outlet_node;distr_eff;expl_factor;wat_shift
MultiPolygon (((520563.23248369200155139 5018904.64986103028059006, 520197.55338709248462692 5018670.14955737441778183, 520501.63425245333928615 5018262.8558656508103013, 520898.60666154057253152 5018499.45142146665602922, 521130.43854844750603661 5018966.29097455367445946, 520961.32830217637820169 5019097.29186955280601978, 520961.32830217637820169 5019097.29186955280601978, 520563.23248369200155139 5018904.64986103028059006)));1;1;District of node thirty;30;40;0.83;4;1
