geometry;fid;id;name;inlet_node;outlet_node;flow_rate;inf_losses
LINESTRING (520599.916041278 5019130.66790938,520686.299902689 5019002.86712812);1;11;main channel;10;20;1;0.1
LINESTRING (520686.299902689 5019002.86712812,520559.53454442 5018904.35402589);2;21;branch channel;20;30;0.5;0.05
LINESTRING (520181.79999999998835847 5018799, 520559.53454442002112046 5018904.3540258901193738);3;31;conduit from private well;50;30;1;0
LINESTRING (520783.53 5019146.8, 520686.29990268900291994 5019002.86712811980396509);4;41;conduit from public well;60;20;0.3;0.1
