geometry;fid;id;name;descr
POINT (520887.20328687020810321 5018659.6948098773136735);2;2;CP2;control point 2
POINT (520589.21937016706215218 5018763.78508215025067329);1;1;CP1;control point 1