geometry;fid;id;name;alt;type
POINT (520619.173467836 5018815.40047598);1;1001;well;235;0
